{
  "config": {
    "output_dir": "results/causal_mediation_toy",
    "device": "cpu",
    "n_train": 4000,
    "n_eval": 1500,
    "epochs": 1500,
    "width": 32,
    "k": 2,
    "das_steps": 800,
    "quick": false
  },
  "models": {
    "law": {
      "val_indist_mse": 9.362434866488911e-06,
      "ood_mse": 1.4418046703212894e-05,
      "probe_r2_indist": 0.9998778700828552,
      "sensitivity_to_j": {
        "model_abs_dy_dvj": 0.2607586979866028,
        "equation_abs_dy_dvj": 0.2604118287563324
      },
      "interchange_accuracy": 0.9986146073027455
    },
    "shortcut": {
      "val_indist_mse": 2.3094522475730628e-05,
      "ood_mse": 0.015428769402205944,
      "probe_r2_indist": 0.9980959892272949,
      "sensitivity_to_j": {
        "model_abs_dy_dvj": 0.0006997464224696159,
        "equation_abs_dy_dvj": 0.2604118287563324
      },
      "interchange_accuracy": 0.5124615138802344
    }
  }
}