{
  "baseline": {
    "mae": 7.087859630584717,
    "probe_r2": 0.9029100324952519,
    "probe_shuffle": 0.07611661109156531,
    "ablation_delta": 0.06501436233520508,
    "donor_sign_acc": 0.9,
    "donor_bounded": false
  },
  "pep_sweep": [
    {
      "mae": 7.450986385345459,
      "r2": 0.9067500976030236,
      "r2_shuffle": 0.0341094072966735,
      "abstention": 0.11923076923076924,
      "donor_sign": 0.8888888888888888,
      "abl_delta": -0.010997295379638672,
      "std_r2": 0.0038400651077716286,
      "x": 0
    },
    {
      "mae": 8.208595275878906,
      "r2": 0.8397079054625824,
      "r2_shuffle": -0.0821277794182263,
      "abstention": 0.07692307692307693,
      "donor_sign": 0.8777777777777778,
      "abl_delta": -0.17607688903808594,
      "std_r2": 0.046206708806685926,
      "x": 10
    },
    {
      "mae": 9.071013927459717,
      "r2": 0.6381612772506255,
      "r2_shuffle": -0.0712793442289989,
      "abstention": 0.15000000000000002,
      "donor_sign": 0.8194444444444444,
      "abl_delta": -0.16048526763916016,
      "std_r2": 0.09640234004104026,
      "x": 20
    },
    {
      "mae": 10.301304340362549,
      "r2": 0.19182867047371283,
      "r2_shuffle": -0.07287944283392511,
      "abstention": 0.07307692307692308,
      "donor_sign": 0.6916666666666667,
      "abl_delta": -0.044680118560791016,
      "std_r2": 0.20377062135349527,
      "x": 40
    }
  ]
}