{
  "metrics": {
    "law": {
      "val_indist_mse": 0.00021235649182926863,
      "ood_mse": 0.00022135629842523485,
      "probe_r2_indist": 0.99717777967453,
      "model_abs_dy_dvj": 0.9259802103042603,
      "equation_abs_dy_dvj": 0.9265393018722534,
      "interchange_accuracy_peak": 0.9989069062591213
    },
    "shortcut": {
      "val_indist_mse": 0.0004558578657452017,
      "ood_mse": 0.1738118678331375,
      "probe_r2_indist": 0.9912278056144714,
      "model_abs_dy_dvj": 8.377723133889958e-05,
      "equation_abs_dy_dvj": 0.9265393018722534,
      "interchange_accuracy_peak": 0.25136914250333786
    }
  },
  "config": {
    "law": "blood_pressure",
    "output_dir": "results/causal_mediation_toy/blood_pressure",
    "device": "cpu",
    "n_train": 1500,
    "n_eval": 600,
    "n_slots": 8,
    "epochs": 500,
    "width": 48,
    "das_steps": 250,
    "quick": true
  }
}