{
  "claim": "Tests whether a compact, architecture-agnostic answerability signature (residual z-score, activation-norm z-score, probe confidence percentile) transfers zero-shot between two structurally different physical laws, as evidence for a domain-general 'under-determined' signature rather than a law-specific artifact.",
  "per_seed": [
    {
      "seed": 0,
      "beer_to_mk_auroc": 0.3024791666666667,
      "mk_to_beer_auroc": 0.7696041666666668,
      "within_beer_auroc": 0.880184331797235,
      "within_mk_auroc": 0.9980250164581962
    },
    {
      "seed": 1,
      "beer_to_mk_auroc": 0.3116979166666667,
      "mk_to_beer_auroc": 0.7171979166666668,
      "within_beer_auroc": 0.8214285714285715,
      "within_mk_auroc": 0.9954545454545454
    },
    {
      "seed": 2,
      "beer_to_mk_auroc": 0.31945833333333334,
      "mk_to_beer_auroc": 0.7504895833333333,
      "within_beer_auroc": 0.889824930893774,
      "within_mk_auroc": 0.9982449212408407
    }
  ],
  "mean_beer_to_mk_auroc": 0.31121180555555555,
  "mean_mk_to_beer_auroc": 0.7457638888888889,
  "mean_within_beer_auroc": 0.8638126113731935,
  "mean_within_mk_auroc": 0.9972414943845274,
  "chance": 0.5
}