{
  "claim": "Tests whether a compact, architecture-agnostic answerability signature (residual z-score, activation-norm z-score, probe confidence percentile) transfers zero-shot between two structurally different physical laws, as evidence for a domain-general 'under-determined' signature rather than a law-specific artifact.",
  "per_seed": [
    {
      "seed": 0,
      "beer_to_mk_auroc": 0.28540625000000003,
      "mk_to_beer_auroc": 0.6758020833333334,
      "within_beer_auroc": 0.8265717577353523,
      "within_mk_auroc": 0.9972432521395656
    },
    {
      "seed": 1,
      "beer_to_mk_auroc": 0.29432291666666666,
      "mk_to_beer_auroc": 0.6204791666666667,
      "within_beer_auroc": 0.7576190476190476,
      "within_mk_auroc": 0.9922510822510823
    },
    {
      "seed": 2,
      "beer_to_mk_auroc": 0.29468750000000005,
      "mk_to_beer_auroc": 0.7258333333333333,
      "within_beer_auroc": 0.7692071431705498,
      "within_mk_auroc": 0.9992979684963363
    }
  ],
  "mean_beer_to_mk_auroc": 0.2914722222222222,
  "mean_mk_to_beer_auroc": 0.6740381944444445,
  "mean_within_beer_auroc": 0.7844659828416499,
  "mean_within_mk_auroc": 0.996264100962328,
  "chance": 0.5
}