{
  "grounded": {
    "clean_mae": {
      "mean": 7.638424078623454,
      "std": 0.7034463951361044
    },
    "shifted_mae": {
      "mean": 7.537910461425781,
      "std": 0.5471039792586166
    },
    "ptt_r2": {
      "mean": 0.9883559743563334,
      "std": 0.005353415591180577
    },
    "ptt_sensitivity": {
      "mean": 15.748291651407877,
      "std": 0.9198595934994523
    }
  },
  "shortcut": {
    "clean_mae": {
      "mean": 1.97561780611674,
      "std": 0.05421653159795474
    },
    "shifted_mae": {
      "mean": 19.88185437520345,
      "std": 0.317931791822804
    },
    "ptt_r2": {
      "mean": 0.9481777350107828,
      "std": 0.003984124873436376
    },
    "ptt_sensitivity": {
      "mean": 0.712560753027598,
      "std": 0.05658417597217151
    }
  }
}