{
  "claim": "With known and unknown queries drawn from the same input distribution, a frozen activation probe detects whether the queried association was ever trained; it is an external monitor, not intrinsic awareness.",
  "config": {
    "output_dir": "results/physics_abstention/abstract",
    "device": "cpu",
    "seeds": [
      0,
      1,
      2
    ],
    "n_keys": 240,
    "known_fraction": 0.5,
    "key_dim": 16,
    "value_dim": 4,
    "width": 128,
    "low_width": 8,
    "train_queries": 40,
    "probe_queries": 20,
    "test_queries": 20,
    "input_noise": 0.1,
    "noise_stress_factor": 3.0,
    "epochs": 300,
    "batch_size": 256,
    "quick": false
  },
  "seeds": {
    "0": {
      "adequate": {
        "parameters": 19204,
        "final_train_mse": 0.005443226490169764,
        "condition_mse": {
          "known": 0.014853963628411293,
          "unknown": 0.3110019862651825,
          "noisy_known": 0.19407108426094055
        },
        "familiarity_detection": {
          "auroc": 0.6225499999999999,
          "auprc": 0.6330898887048442,
          "brier": 0.3191203212005182,
          "ece": 0.2640301595616469
        },
        "familiarity_under_input_noise": {
          "auroc": 0.7144552083333334,
          "auprc": 0.7540408245117001,
          "brier": 0.27391378738223515,
          "ece": 0.22912366439996096
        },
        "input_nn_baseline": {
          "auroc": 0.9999493055555556,
          "auprc": 0.9999479425798128
        },
        "selective": {
          "probe": {
            "aurc": 0.13152382557481987,
            "risk": {
              "50%": 0.1358181052113893,
              "80%": 0.15775061856665312,
              "100%": 0.16292797847958354
            }
          },
          "random": {
            "aurc": 0.16753041953700215,
            "risk": {
              "50%": 0.16326747799947042,
              "80%": 0.16211924904248462,
              "100%": 0.16292797847958354
            }
          },
          "input_nn_baseline": {
            "aurc": 0.05759029377096912,
            "risk": {
              "50%": 0.015603061948919882,
              "80%": 0.12441686607000975,
              "100%": 0.16292797847958354
            }
          }
        }
      },
      "low_capacity": {
        "parameters": 244,
        "final_train_mse": 0.14850070615609487,
        "condition_mse": {
          "known": 0.16186009347438812,
          "unknown": 0.34293314814567566,
          "noisy_known": 0.3482455313205719
        },
        "familiarity_detection": {
          "auroc": 0.5190590277777778,
          "auprc": 0.5709614101328676,
          "brier": 0.26554283908632464,
          "ece": 0.10937043553839126
        },
        "familiarity_under_input_noise": {
          "auroc": 0.506126388888889,
          "auprc": 0.5821451971902919,
          "brier": 0.27097627330424084,
          "ece": 0.15015876804168027
        },
        "input_nn_baseline": {
          "auroc": 0.9999493055555556,
          "auprc": 0.9999479425798128
        },
        "selective": {
          "probe": {
            "aurc": 0.23512400442375764,
            "risk": {
              "50%": 0.2515103209005914,
              "80%": 0.25477438303853056,
              "100%": 0.2523966155101668
            }
          },
          "random": {
            "aurc": 0.25507058078927525,
            "risk": {
              "50%": 0.25125893099648844,
              "80%": 0.25122106421105933,
              "100%": 0.2523966155101668
            }
          },
          "input_nn_baseline": {
            "aurc": 0.1833963987771841,
            "risk": {
              "50%": 0.16227972453953043,
              "80%": 0.22889608521089713,
              "100%": 0.2523966155101668
            }
          }
        }
      },
      "no_boundary": {
        "parameters": 19204,
        "final_train_mse": 0.011183582978943984,
        "condition_mse": {
          "known": 0.02459137514233589,
          "unknown": 0.024623047560453415,
          "noisy_known": 0.2388247400522232
        },
        "familiarity_detection": {
          "auroc": 0.5367465277777778,
          "auprc": 0.535959792425575,
          "brier": 0.3782270468346969,
          "ece": 0.33422967964338834
        },
        "familiarity_under_input_noise": {
          "auroc": 0.6070430555555555,
          "auprc": 0.6574836143787177,
          "brier": 0.3467066243697376,
          "ece": 0.3055871392092846
        },
        "input_nn_baseline": {
          "auroc": 0.9999493055555556,
          "auprc": 0.9999479425798128
        },
        "selective": {
          "probe": {
            "aurc": 0.02453762864453276,
            "risk": {
              "50%": 0.02455832004045078,
              "80%": 0.024504437740006324,
              "100%": 0.024607209535012466
            }
          },
          "random": {
            "aurc": 0.02450968159268503,
            "risk": {
              "50%": 0.024591656302776148,
              "80%": 0.024463788079795754,
              "100%": 0.024607209535012466
            }
          },
          "input_nn_baseline": {
            "aurc": 0.020787906277741575,
            "risk": {
              "50%": 0.024471417192423055,
              "80%": 0.025320574736360867,
              "100%": 0.024607209535012466
            }
          }
        }
      }
    },
    "1": {
      "adequate": {
        "parameters": 19204,
        "final_train_mse": 0.005902350873996814,
        "condition_mse": {
          "known": 0.015182153321802616,
          "unknown": 0.324631005525589,
          "noisy_known": 0.19076162576675415
        },
        "familiarity_detection": {
          "auroc": 0.5508930555555555,
          "auprc": 0.5158963386121148,
          "brier": 0.35961633163177886,
          "ece": 0.30293494560509016
        },
        "familiarity_under_input_noise": {
          "auroc": 0.5708847222222222,
          "auprc": 0.5920214879495089,
          "brier": 0.3649947975912664,
          "ece": 0.3199453022780421
        },
        "input_nn_baseline": {
          "auroc": 0.9999881944444444,
          "auprc": 0.9999882243422074
        },
        "selective": {
          "probe": {
            "aurc": 0.18020450541056454,
            "risk": {
              "50%": 0.16848918434392546,
              "80%": 0.16678167088351378,
              "100%": 0.16990657420351757
            }
          },
          "random": {
            "aurc": 0.17355613860691177,
            "risk": {
              "50%": 0.17455213829839825,
              "80%": 0.17067893247788107,
              "100%": 0.16990657420351757
            }
          },
          "input_nn_baseline": {
            "aurc": 0.06242269728420216,
            "risk": {
              "50%": 0.01548469969669289,
              "80%": 0.1377859583220091,
              "100%": 0.16990657420351757
            }
          }
        }
      },
      "low_capacity": {
        "parameters": 244,
        "final_train_mse": 0.1507837567726771,
        "condition_mse": {
          "known": 0.15718525648117065,
          "unknown": 0.3495546579360962,
          "noisy_known": 0.3310418128967285
        },
        "familiarity_detection": {
          "auroc": 0.4877375,
          "auprc": 0.5051054467097762,
          "brier": 0.25187242176510494,
          "ece": 0.06737983157237373
        },
        "familiarity_under_input_noise": {
          "auroc": 0.5890361111111111,
          "auprc": 0.6351865163917154,
          "brier": 0.24284295472263873,
          "ece": 0.03746292031059664
        },
        "input_nn_baseline": {
          "auroc": 0.9999881944444444,
          "auprc": 0.9999882243422074
        },
        "selective": {
          "probe": {
            "aurc": 0.26877931564885155,
            "risk": {
              "50%": 0.2792025370216773,
              "80%": 0.2587670909320877,
              "100%": 0.2533699442913833
            }
          },